{"cameraMode":{"drawMode":0,"name":"Shaded","section":"Shading Mode"},"sceneLighting":true,"audioPlay":false,"sceneViewState":{"showFog":true,"showMaterialUpdate":false,"showSkybox":true,"showFlares":true,"showImageEffects":true,"showParticleSystems":true},"in2DMode":false,"pivot":{"x":-0.050265297293663028,"y":-0.041362255811691287,"z":-0.04789479076862335},"rotation":{"x":0.19915087521076203,"y":-0.327793687582016,"z":0.070896677672863,"w":0.9207988977432251},"size":2.3291609287261965,"orthographic":true}